penetration,installed_ev,installed_pv,violation,reason,location,value,search_step,mc_run
1.0,0.6270000000000003,0,True,Line Overloading,36.0,160.90006179554751,0,0
0.5,0.3080000000000001,0,True,Line Overloading,36.0,124.18858137369348,1,0
0.25,0.154,0,True,Transformer Overloading,0.0,129.52634817602873,2,0
0.125,0.07699999999999999,0,True,Transformer Overloading,0.0,108.79969823635649,3,0
0.0625,0.044,0,False,,,,4,0
0.09375,0.05499999999999999,0,True,Transformer Overloading,0.0,102.76850761461465,5,0
0.078125,0.044,0,False,,,,6,0
1.0,0.6270000000000003,0,True,Line Overloading,36.0,160.9000371997863,0,1
0.5,0.3080000000000001,0,True,Transformer Overloading,0.0,171.42463009988901,1,1
0.25,0.154,0,True,Transformer Overloading,0.0,129.16599677067947,2,1
0.125,0.07699999999999999,0,True,Transformer Overloading,0.0,108.59914397228887,3,1
0.0625,0.044,0,False,,,,4,1
0.09375,0.05499999999999999,0,True,Transformer Overloading,0.0,102.73151270929395,5,1
0.078125,0.044,0,False,,,,6,1
1.0,0.6270000000000003,0,True,Line Overloading,36.0,160.90000720959972,0,2
0.5,0.3080000000000001,0,True,Transformer Overloading,0.0,171.5329061205046,1,2
0.25,0.154,0,True,Transformer Overloading,0.0,129.01007972386225,2,2
0.125,0.07699999999999999,0,True,Transformer Overloading,0.0,108.4314356325131,3,2
0.0625,0.044,0,False,,,,4,2
0.09375,0.05499999999999999,0,True,Transformer Overloading,0.0,102.5961783425255,5,2
0.078125,0.044,0,False,,,,6,2
1.0,0.6270000000000003,0,True,Line Overloading,36.0,160.89995831784566,0,3
0.5,0.3080000000000001,0,True,Transformer Overloading,0.0,171.41412325434897,1,3
0.25,0.154,0,True,Transformer Overloading,0.0,129.41059713211104,2,3
0.125,0.07699999999999999,0,True,Transformer Overloading,0.0,108.62862741452848,3,3
0.0625,0.044,0,False,,,,4,3
0.09375,0.05499999999999999,0,True,Transformer Overloading,0.0,102.71320510572662,5,3
0.078125,0.044,0,False,,,,6,3
1.0,0.6270000000000003,0,True,Line Overloading,36.0,160.89997714927267,0,4
0.5,0.3080000000000001,0,True,Line Overloading,36.0,109.97435708050209,1,4
0.25,0.154,0,True,Transformer Overloading,0.0,129.69791387125954,2,4
0.125,0.07699999999999999,0,True,Transformer Overloading,0.0,108.47899122249105,3,4
0.0625,0.044,0,False,,,,4,4
0.09375,0.05499999999999999,0,True,Transformer Overloading,0.0,102.74240089181959,5,4
0.078125,0.044,0,False,,,,6,4
1.0,0.6270000000000003,0,True,Line Overloading,36.0,160.89994098323635,0,5
0.5,0.3080000000000001,0,True,Line Overloading,36.0,103.90664393662013,1,5
0.25,0.154,0,True,Transformer Overloading,0.0,129.92417489630697,2,5
0.125,0.07699999999999999,0,True,Transformer Overloading,0.0,108.65959936983948,3,5
0.0625,0.044,0,False,,,,4,5
0.09375,0.05499999999999999,0,True,Transformer Overloading,0.0,102.65416300882508,5,5
0.078125,0.044,0,False,,,,6,5
1.0,0.6270000000000003,0,True,Line Overloading,36.0,160.90000314378793,0,6
0.5,0.3080000000000001,0,True,Line Overloading,36.0,111.30282036141406,1,6
0.25,0.154,0,True,Transformer Overloading,0.0,129.60030239283154,2,6
0.125,0.07699999999999999,0,True,Transformer Overloading,0.0,108.73548791588897,3,6
0.0625,0.044,0,False,,,,4,6
0.09375,0.05499999999999999,0,True,Transformer Overloading,0.0,102.74753743008415,5,6
0.078125,0.044,0,False,,,,6,6
1.0,0.6270000000000003,0,True,Line Overloading,36.0,160.89995519493797,0,7
0.5,0.3080000000000001,0,True,Line Overloading,36.0,117.56410105340522,1,7
0.25,0.154,0,True,Transformer Overloading,0.0,129.3157829088232,2,7
0.125,0.07699999999999999,0,True,Transformer Overloading,0.0,108.36227026466265,3,7
0.0625,0.044,0,False,,,,4,7
0.09375,0.05499999999999999,0,True,Transformer Overloading,0.0,102.5618597643334,5,7
0.078125,0.044,0,False,,,,6,7
1.0,0.6270000000000003,0,True,Line Overloading,36.0,160.90004945981568,0,8
0.5,0.3080000000000001,0,True,Transformer Overloading,0.0,171.7171487863687,1,8
0.25,0.154,0,True,Transformer Overloading,0.0,129.19231819539712,2,8
0.125,0.07699999999999999,0,True,Transformer Overloading,0.0,108.39592027852329,3,8
0.0625,0.044,0,False,,,,4,8
0.09375,0.05499999999999999,0,True,Transformer Overloading,0.0,102.54714002656729,5,8
0.078125,0.044,0,False,,,,6,8
1.0,0.6270000000000003,0,True,Line Overloading,36.0,160.8998793382817,0,9
0.5,0.3080000000000001,0,True,Line Overloading,36.0,116.60472547957848,1,9
0.25,0.154,0,True,Transformer Overloading,0.0,129.26853544271347,2,9
0.125,0.07699999999999999,0,True,Transformer Overloading,0.0,108.46469165045032,3,9
0.0625,0.044,0,False,,,,4,9
0.09375,0.05499999999999999,0,True,Transformer Overloading,0.0,102.66287158037078,5,9
0.078125,0.044,0,False,,,,6,9
1.0,0.6270000000000003,0,True,Line Overloading,36.0,160.89999014628341,0,10
0.5,0.3080000000000001,0,True,Transformer Overloading,0.0,171.76690659418784,1,10
0.25,0.154,0,True,Transformer Overloading,0.0,129.56352985341903,2,10
0.125,0.07699999999999999,0,True,Transformer Overloading,0.0,108.49496435343073,3,10
0.0625,0.044,0,False,,,,4,10
0.09375,0.05499999999999999,0,True,Transformer Overloading,0.0,102.61983386263222,5,10
0.078125,0.044,0,False,,,,6,10
1.0,0.6270000000000003,0,True,Line Overloading,36.0,160.9000599667784,0,11
0.5,0.3080000000000001,0,True,Line Overloading,36.0,137.07003273306418,1,11
0.25,0.154,0,True,Transformer Overloading,0.0,130.1620799722982,2,11
0.125,0.07699999999999999,0,True,Transformer Overloading,0.0,108.98389515264716,3,11
0.0625,0.044,0,False,,,,4,11
0.09375,0.05499999999999999,0,True,Transformer Overloading,0.0,102.92880584723892,5,11
0.078125,0.044,0,False,,,,6,11
1.0,0.6270000000000003,0,True,Line Overloading,36.0,160.90000464145692,0,12
0.5,0.3080000000000001,0,True,Line Overloading,36.0,117.78423560666138,1,12
0.25,0.154,0,True,Transformer Overloading,0.0,129.47908869210252,2,12
0.125,0.07699999999999999,0,True,Transformer Overloading,0.0,108.48700708234293,3,12
0.0625,0.044,0,False,,,,4,12
0.09375,0.05499999999999999,0,True,Transformer Overloading,0.0,102.71201814281574,5,12
0.078125,0.044,0,False,,,,6,12
1.0,0.6270000000000003,0,True,Line Overloading,36.0,160.90004480316568,0,13
0.5,0.3080000000000001,0,True,Line Overloading,36.0,103.53464415791045,1,13
0.25,0.154,0,True,Transformer Overloading,0.0,129.51258895061423,2,13
0.125,0.07699999999999999,0,True,Transformer Overloading,0.0,108.69617260907197,3,13
0.0625,0.044,0,False,,,,4,13
0.09375,0.05499999999999999,0,True,Transformer Overloading,0.0,102.73523434133698,5,13
0.078125,0.044,0,False,,,,6,13
1.0,0.6270000000000003,0,True,Line Overloading,36.0,160.9000013653245,0,14
0.5,0.3080000000000001,0,True,Transformer Overloading,0.0,172.00741819708,1,14
0.25,0.154,0,True,Transformer Overloading,0.0,129.36727793008086,2,14
0.125,0.07699999999999999,0,True,Transformer Overloading,0.0,108.37875726426465,3,14
0.0625,0.044,0,False,,,,4,14
0.09375,0.05499999999999999,0,True,Transformer Overloading,0.0,102.5989327046624,5,14
0.078125,0.044,0,False,,,,6,14
1.0,0.6270000000000003,0,True,Line Overloading,36.0,160.9000958557662,0,15
0.5,0.3080000000000001,0,True,Line Overloading,36.0,104.03269649251969,1,15
0.25,0.154,0,True,Transformer Overloading,0.0,129.25699615325144,2,15
0.125,0.07699999999999999,0,True,Transformer Overloading,0.0,108.62178320472286,3,15
0.0625,0.044,0,False,,,,4,15
0.09375,0.05499999999999999,0,True,Transformer Overloading,0.0,102.77970709169055,5,15
0.078125,0.044,0,False,,,,6,15
1.0,0.6270000000000003,0,True,Line Overloading,36.0,160.89997887401935,0,16
0.5,0.3080000000000001,0,True,Line Overloading,36.0,110.02189792763464,1,16
0.25,0.154,0,True,Transformer Overloading,0.0,129.31076592752123,2,16
0.125,0.07699999999999999,0,True,Transformer Overloading,0.0,108.46388356368625,3,16
0.0625,0.044,0,False,,,,4,16
0.09375,0.05499999999999999,0,True,Transformer Overloading,0.0,102.61984417575324,5,16
0.078125,0.044,0,False,,,,6,16
1.0,0.6270000000000003,0,True,Line Overloading,36.0,160.90009364866268,0,17
0.5,0.3080000000000001,0,True,Transformer Overloading,0.0,171.43527386576548,1,17
0.25,0.154,0,True,Transformer Overloading,0.0,129.20788790675718,2,17
0.125,0.07699999999999999,0,True,Transformer Overloading,0.0,108.56843041577604,3,17
0.0625,0.044,0,False,,,,4,17
0.09375,0.05499999999999999,0,True,Transformer Overloading,0.0,102.7845595762261,5,17
0.078125,0.044,0,False,,,,6,17
1.0,0.6270000000000003,0,True,Line Overloading,36.0,160.90002003066692,0,18
0.5,0.3080000000000001,0,True,Transformer Overloading,0.0,171.7188016958428,1,18
0.25,0.154,0,True,Transformer Overloading,0.0,129.39669267883332,2,18
0.125,0.07699999999999999,0,True,Transformer Overloading,0.0,108.4330945726337,3,18
0.0625,0.044,0,False,,,,4,18
0.09375,0.05499999999999999,0,True,Transformer Overloading,0.0,102.6088870486205,5,18
0.078125,0.044,0,False,,,,6,18
1.0,0.6270000000000003,0,True,Line Overloading,36.0,160.90006069256359,0,19
0.5,0.3080000000000001,0,True,Transformer Overloading,0.0,171.97592541848556,1,19
0.25,0.154,0,True,Transformer Overloading,0.0,129.33227469797254,2,19
0.125,0.07699999999999999,0,True,Transformer Overloading,0.0,108.57876369229118,3,19
0.0625,0.044,0,False,,,,4,19
0.09375,0.05499999999999999,0,True,Transformer Overloading,0.0,102.68651259732069,5,19
0.078125,0.044,0,False,,,,6,19
1.0,0.6270000000000003,0,True,Line Overloading,36.0,160.9000551513712,0,20
0.5,0.3080000000000001,0,True,Line Overloading,36.0,123.73213827220945,1,20
0.25,0.154,0,True,Transformer Overloading,0.0,129.84221792789924,2,20
0.125,0.07699999999999999,0,True,Transformer Overloading,0.0,108.92850535213461,3,20
0.0625,0.044,0,True,Transformer Overloading,0.0,100.00095983437676,4,20
0.03125,0.022,0,False,,,,5,20
0.046875,0.033,0,False,,,,6,20
1.0,0.6270000000000003,0,True,Line Overloading,36.0,160.9000593273098,0,21
0.5,0.3080000000000001,0,True,Transformer Overloading,0.0,171.95149286518412,1,21
0.25,0.154,0,True,Transformer Overloading,0.0,129.44389049750893,2,21
0.125,0.07699999999999999,0,True,Transformer Overloading,0.0,108.67103313657734,3,21
0.0625,0.044,0,False,,,,4,21
0.09375,0.05499999999999999,0,True,Transformer Overloading,0.0,102.6950636815654,5,21
0.078125,0.044,0,False,,,,6,21
1.0,0.6270000000000003,0,True,Line Overloading,36.0,160.9000401380334,0,22
0.5,0.3080000000000001,0,True,Transformer Overloading,0.0,171.51147424286506,1,22
0.25,0.154,0,True,Transformer Overloading,0.0,129.18302124387105,2,22
0.125,0.07699999999999999,0,True,Transformer Overloading,0.0,108.6780864945667,3,22
0.0625,0.044,0,False,,,,4,22
0.09375,0.05499999999999999,0,True,Transformer Overloading,0.0,102.79919901600056,5,22
0.078125,0.044,0,False,,,,6,22
1.0,0.6270000000000003,0,True,Line Overloading,36.0,160.90001410497982,0,23
0.5,0.3080000000000001,0,True,Transformer Overloading,0.0,171.80366193864955,1,23
0.25,0.154,0,True,Transformer Overloading,0.0,129.33645665049588,2,23
0.125,0.07699999999999999,0,True,Transformer Overloading,0.0,108.49608189655748,3,23
0.0625,0.044,0,False,,,,4,23
0.09375,0.05499999999999999,0,True,Transformer Overloading,0.0,102.56487841821426,5,23
0.078125,0.044,0,False,,,,6,23
1.0,0.6270000000000003,0,True,Line Overloading,36.0,160.90006685386237,0,24
0.5,0.3080000000000001,0,True,Line Overloading,36.0,116.09224380006941,1,24
0.25,0.154,0,True,Transformer Overloading,0.0,129.58945015029443,2,24
0.125,0.07699999999999999,0,True,Transformer Overloading,0.0,108.81655602156872,3,24
0.0625,0.044,0,False,,,,4,24
0.09375,0.05499999999999999,0,True,Transformer Overloading,0.0,102.76944548244494,5,24
0.078125,0.044,0,False,,,,6,24
1.0,0.6270000000000003,0,True,Line Overloading,36.0,160.90000603511635,0,25
0.5,0.3080000000000001,0,True,Line Overloading,36.0,103.95589767781472,1,25
0.25,0.154,0,True,Transformer Overloading,0.0,129.57459420463059,2,25
0.125,0.07699999999999999,0,True,Transformer Overloading,0.0,108.71738475883971,3,25
0.0625,0.044,0,False,,,,4,25
0.09375,0.05499999999999999,0,True,Transformer Overloading,0.0,102.74834980122291,5,25
0.078125,0.044,0,False,,,,6,25
1.0,0.6270000000000003,0,True,Line Overloading,36.0,160.89992221059236,0,26
0.5,0.3080000000000001,0,True,Line Overloading,36.0,110.70069168544599,1,26
0.25,0.154,0,True,Transformer Overloading,0.0,129.18479813310114,2,26
0.125,0.07699999999999999,0,True,Transformer Overloading,0.0,108.5817717456185,3,26
0.0625,0.044,0,False,,,,4,26
0.09375,0.05499999999999999,0,True,Transformer Overloading,0.0,102.78110550339896,5,26
0.078125,0.044,0,False,,,,6,26
1.0,0.6270000000000003,0,True,Line Overloading,36.0,160.90002442882957,0,27
0.5,0.3080000000000001,0,True,Line Overloading,36.0,111.27016304298074,1,27
0.25,0.154,0,True,Transformer Overloading,0.0,129.2469761898615,2,27
0.125,0.07699999999999999,0,True,Transformer Overloading,0.0,108.53453514585958,3,27
0.0625,0.044,0,False,,,,4,27
0.09375,0.05499999999999999,0,True,Transformer Overloading,0.0,102.6442997450547,5,27
0.078125,0.044,0,False,,,,6,27
1.0,0.6270000000000003,0,True,Line Overloading,36.0,160.90003162520622,0,28
0.5,0.3080000000000001,0,True,Line Overloading,36.0,102.98178469996773,1,28
0.25,0.154,0,True,Transformer Overloading,0.0,129.0164404086966,2,28
0.125,0.07699999999999999,0,True,Transformer Overloading,0.0,108.42511745871315,3,28
0.0625,0.044,0,False,,,,4,28
0.09375,0.05499999999999999,0,True,Transformer Overloading,0.0,102.59741106834159,5,28
0.078125,0.044,0,False,,,,6,28
1.0,0.6270000000000003,0,True,Line Overloading,36.0,160.90004616160547,0,29
0.5,0.3080000000000001,0,True,Transformer Overloading,0.0,171.75923895659545,1,29
0.25,0.154,0,True,Transformer Overloading,0.0,129.1349333066345,2,29
0.125,0.07699999999999999,0,True,Transformer Overloading,0.0,108.68104426078511,3,29
0.0625,0.044,0,True,Transformer Overloading,0.0,100.0660053143529,4,29
0.03125,0.022,0,False,,,,5,29
0.046875,0.033,0,False,,,,6,29
1.0,0.6270000000000003,0,True,Line Overloading,36.0,160.9000171432755,0,30
0.5,0.3080000000000001,0,True,Transformer Overloading,0.0,171.39575029558108,1,30
0.25,0.154,0,True,Transformer Overloading,0.0,129.39517066542246,2,30
0.125,0.07699999999999999,0,True,Transformer Overloading,0.0,108.68646693622779,3,30
0.0625,0.044,0,False,,,,4,30
0.09375,0.05499999999999999,0,True,Transformer Overloading,0.0,102.91634445050335,5,30
0.078125,0.044,0,False,,,,6,30
1.0,0.6270000000000003,0,True,Line Overloading,36.0,160.90012111318174,0,31
0.5,0.3080000000000001,0,True,Line Overloading,36.0,116.15002646685915,1,31
0.25,0.154,0,True,Transformer Overloading,0.0,129.7604322340126,2,31
0.125,0.07699999999999999,0,True,Transformer Overloading,0.0,108.69721149919916,3,31
0.0625,0.044,0,False,,,,4,31
0.09375,0.05499999999999999,0,True,Transformer Overloading,0.0,102.70959840438026,5,31
0.078125,0.044,0,False,,,,6,31
1.0,0.6270000000000003,0,True,Line Overloading,36.0,160.89998256016318,0,32
0.5,0.3080000000000001,0,True,Transformer Overloading,0.0,171.86409931051833,1,32
0.25,0.154,0,True,Transformer Overloading,0.0,129.72687674235362,2,32
0.125,0.07699999999999999,0,True,Transformer Overloading,0.0,108.96555627419811,3,32
0.0625,0.044,0,False,,,,4,32
0.09375,0.05499999999999999,0,True,Transformer Overloading,0.0,102.852307802454,5,32
0.078125,0.044,0,False,,,,6,32
1.0,0.6270000000000003,0,True,Line Overloading,36.0,160.899953963589,0,33
0.5,0.3080000000000001,0,True,Line Overloading,36.0,123.81824625547952,1,33
0.25,0.154,0,True,Transformer Overloading,0.0,129.3569121801613,2,33
0.125,0.07699999999999999,0,True,Transformer Overloading,0.0,108.65038863666211,3,33
0.0625,0.044,0,False,,,,4,33
0.09375,0.05499999999999999,0,True,Transformer Overloading,0.0,102.76146338350767,5,33
0.078125,0.044,0,False,,,,6,33
1.0,0.6270000000000003,0,True,Line Overloading,36.0,160.8999766784968,0,34
0.5,0.3080000000000001,0,True,Line Overloading,36.0,118.31135122260304,1,34
0.25,0.154,0,True,Transformer Overloading,0.0,129.47484496971808,2,34
0.125,0.07699999999999999,0,True,Transformer Overloading,0.0,108.70686866736645,3,34
0.0625,0.044,0,False,,,,4,34
0.09375,0.05499999999999999,0,True,Transformer Overloading,0.0,102.64900674176151,5,34
0.078125,0.044,0,False,,,,6,34
1.0,0.6270000000000003,0,True,Line Overloading,36.0,160.8999955314896,0,35
0.5,0.3080000000000001,0,True,Transformer Overloading,0.0,171.61257308505046,1,35
0.25,0.154,0,True,Transformer Overloading,0.0,129.2555731882717,2,35
0.125,0.07699999999999999,0,True,Transformer Overloading,0.0,108.39243305679842,3,35
0.0625,0.044,0,False,,,,4,35
0.09375,0.05499999999999999,0,True,Transformer Overloading,0.0,102.65906032506071,5,35
0.078125,0.044,0,False,,,,6,35
1.0,0.6270000000000003,0,True,Line Overloading,36.0,160.9000597141604,0,36
0.5,0.3080000000000001,0,True,Line Overloading,36.0,112.45659241049835,1,36
0.25,0.154,0,True,Transformer Overloading,0.0,129.75651844573187,2,36
0.125,0.07699999999999999,0,True,Transformer Overloading,0.0,108.87204458770871,3,36
0.0625,0.044,0,False,,,,4,36
0.09375,0.05499999999999999,0,True,Transformer Overloading,0.0,102.93515443370667,5,36
0.078125,0.044,0,False,,,,6,36
1.0,0.6270000000000003,0,True,Line Overloading,36.0,160.90006687261996,0,37
0.5,0.3080000000000001,0,True,Transformer Overloading,0.0,171.4566155096439,1,37
0.25,0.154,0,True,Transformer Overloading,0.0,129.41486628826922,2,37
0.125,0.07699999999999999,0,True,Transformer Overloading,0.0,108.49741258658754,3,37
0.0625,0.044,0,False,,,,4,37
0.09375,0.05499999999999999,0,True,Transformer Overloading,0.0,102.66317726084499,5,37
0.078125,0.044,0,False,,,,6,37
1.0,0.6270000000000003,0,True,Line Overloading,36.0,160.8999689567334,0,38
0.5,0.3080000000000001,0,True,Transformer Overloading,0.0,171.80456103564728,1,38
0.25,0.154,0,True,Transformer Overloading,0.0,129.68486198921786,2,38
0.125,0.07699999999999999,0,True,Transformer Overloading,0.0,108.57690430653855,3,38
0.0625,0.044,0,False,,,,4,38
0.09375,0.05499999999999999,0,True,Transformer Overloading,0.0,102.67903589919409,5,38
0.078125,0.044,0,False,,,,6,38
1.0,0.6270000000000003,0,True,Line Overloading,36.0,160.8999977383448,0,39
0.5,0.3080000000000001,0,True,Transformer Overloading,0.0,171.86809963199593,1,39
0.25,0.154,0,True,Transformer Overloading,0.0,129.55561698804098,2,39
0.125,0.07699999999999999,0,True,Transformer Overloading,0.0,108.6774797857139,3,39
0.0625,0.044,0,False,,,,4,39
0.09375,0.05499999999999999,0,True,Transformer Overloading,0.0,102.70494156015108,5,39
0.078125,0.044,0,False,,,,6,39
1.0,0.6270000000000003,0,True,Line Overloading,36.0,160.89994407693374,0,40
0.5,0.3080000000000001,0,True,Transformer Overloading,0.0,171.35726624969107,1,40
0.25,0.154,0,True,Transformer Overloading,0.0,129.09982826415168,2,40
0.125,0.07699999999999999,0,True,Transformer Overloading,0.0,108.30015623887796,3,40
0.0625,0.044,0,False,,,,4,40
0.09375,0.05499999999999999,0,True,Transformer Overloading,0.0,102.51291703234185,5,40
0.078125,0.044,0,False,,,,6,40
1.0,0.6270000000000003,0,True,Line Overloading,36.0,160.89999302051442,0,41
0.5,0.3080000000000001,0,True,Transformer Overloading,0.0,171.91818276695614,1,41
0.25,0.154,0,True,Transformer Overloading,0.0,129.26455423928007,2,41
0.125,0.07699999999999999,0,True,Transformer Overloading,0.0,108.65570044872123,3,41
0.0625,0.044,0,False,,,,4,41
0.09375,0.05499999999999999,0,True,Transformer Overloading,0.0,102.71112897289791,5,41
0.078125,0.044,0,False,,,,6,41
1.0,0.6270000000000003,0,True,Line Overloading,36.0,160.89995334012573,0,42
0.5,0.3080000000000001,0,True,Line Overloading,36.0,111.21189495081667,1,42
0.25,0.154,0,True,Transformer Overloading,0.0,129.6090858859388,2,42
0.125,0.07699999999999999,0,True,Transformer Overloading,0.0,108.59210750256526,3,42
0.0625,0.044,0,False,,,,4,42
0.09375,0.05499999999999999,0,True,Transformer Overloading,0.0,102.69040587996663,5,42
0.078125,0.044,0,False,,,,6,42
1.0,0.6270000000000003,0,True,Line Overloading,36.0,160.8999256442341,0,43
0.5,0.3080000000000001,0,True,Transformer Overloading,0.0,171.86628800843687,1,43
0.25,0.154,0,True,Transformer Overloading,0.0,129.09515629085612,2,43
0.125,0.07699999999999999,0,True,Transformer Overloading,0.0,108.52430478456961,3,43
0.0625,0.044,0,False,,,,4,43
0.09375,0.05499999999999999,0,True,Transformer Overloading,0.0,102.63024564208074,5,43
0.078125,0.044,0,False,,,,6,43
1.0,0.6270000000000003,0,True,Line Overloading,36.0,160.89989195045277,0,44
0.5,0.3080000000000001,0,True,Transformer Overloading,0.0,171.4895392093663,1,44
0.25,0.154,0,True,Transformer Overloading,0.0,129.44616113732602,2,44
0.125,0.07699999999999999,0,True,Transformer Overloading,0.0,108.94407170228139,3,44
0.0625,0.044,0,True,Transformer Overloading,0.0,100.03053861586383,4,44
0.03125,0.022,0,False,,,,5,44
0.046875,0.033,0,False,,,,6,44
1.0,0.6270000000000003,0,True,Line Overloading,36.0,160.89990633649148,0,45
0.5,0.3080000000000001,0,True,Transformer Overloading,0.0,171.4436465864884,1,45
0.25,0.154,0,True,Transformer Overloading,0.0,129.14546935876015,2,45
0.125,0.07699999999999999,0,True,Transformer Overloading,0.0,108.68055020905449,3,45
0.0625,0.044,0,False,,,,4,45
0.09375,0.05499999999999999,0,True,Transformer Overloading,0.0,102.75444801209164,5,45
0.078125,0.044,0,False,,,,6,45
1.0,0.6270000000000003,0,True,Line Overloading,36.0,160.89990895252183,0,46
0.5,0.3080000000000001,0,True,Line Overloading,36.0,110.57717541873598,1,46
0.25,0.154,0,True,Transformer Overloading,0.0,129.54179305357937,2,46
0.125,0.07699999999999999,0,True,Transformer Overloading,0.0,108.78226136139017,3,46
0.0625,0.044,0,False,,,,4,46
0.09375,0.05499999999999999,0,True,Transformer Overloading,0.0,102.78259738508851,5,46
0.078125,0.044,0,False,,,,6,46
1.0,0.6270000000000003,0,True,Line Overloading,36.0,160.90002436315729,0,47
0.5,0.3080000000000001,0,True,Transformer Overloading,0.0,171.38047567040866,1,47
0.25,0.154,0,True,Transformer Overloading,0.0,129.3252375464693,2,47
0.125,0.07699999999999999,0,True,Transformer Overloading,0.0,108.56249395926669,3,47
0.0625,0.044,0,False,,,,4,47
0.09375,0.05499999999999999,0,True,Transformer Overloading,0.0,102.65724268563609,5,47
0.078125,0.044,0,False,,,,6,47
1.0,0.6270000000000003,0,True,Line Overloading,36.0,160.8999512643174,0,48
0.5,0.3080000000000001,0,True,Line Overloading,36.0,103.63699624795883,1,48
0.25,0.154,0,True,Transformer Overloading,0.0,129.13028197015,2,48
0.125,0.07699999999999999,0,True,Transformer Overloading,0.0,108.48249666363554,3,48
0.0625,0.044,0,False,,,,4,48
0.09375,0.05499999999999999,0,True,Transformer Overloading,0.0,102.58811845948041,5,48
0.078125,0.044,0,False,,,,6,48
1.0,0.6270000000000003,0,True,Line Overloading,36.0,160.8999737782978,0,49
0.5,0.3080000000000001,0,True,Line Overloading,36.0,110.0897501504037,1,49
0.25,0.154,0,True,Transformer Overloading,0.0,129.95009543169652,2,49
0.125,0.07699999999999999,0,True,Transformer Overloading,0.0,109.12946026623283,3,49
0.0625,0.044,0,True,Transformer Overloading,0.0,100.03244472517669,4,49
0.03125,0.022,0,False,,,,5,49
0.046875,0.033,0,False,,,,6,49
1.0,0.6270000000000003,0,True,Line Overloading,36.0,160.90007806200254,0,50
0.5,0.3080000000000001,0,True,Line Overloading,36.0,110.64570412762976,1,50
0.25,0.154,0,True,Transformer Overloading,0.0,129.72908040691053,2,50
0.125,0.07699999999999999,0,True,Transformer Overloading,0.0,108.71825752895808,3,50
0.0625,0.044,0,False,,,,4,50
0.09375,0.05499999999999999,0,True,Transformer Overloading,0.0,102.69891790942565,5,50
0.078125,0.044,0,False,,,,6,50
1.0,0.6270000000000003,0,True,Line Overloading,36.0,160.89998025651346,0,51
0.5,0.3080000000000001,0,True,Line Overloading,36.0,104.07238324696277,1,51
0.25,0.154,0,True,Transformer Overloading,0.0,129.26823197025973,2,51
0.125,0.07699999999999999,0,True,Transformer Overloading,0.0,108.55192488701056,3,51
0.0625,0.044,0,False,,,,4,51
0.09375,0.05499999999999999,0,True,Transformer Overloading,0.0,102.79942677860853,5,51
0.078125,0.044,0,False,,,,6,51
1.0,0.6270000000000003,0,True,Line Overloading,36.0,160.90002688538158,0,52
0.5,0.3080000000000001,0,True,Transformer Overloading,0.0,171.81634230947475,1,52
0.25,0.154,0,True,Transformer Overloading,0.0,129.2912252835851,2,52
0.125,0.07699999999999999,0,True,Transformer Overloading,0.0,108.43733174880566,3,52
0.0625,0.044,0,False,,,,4,52
0.09375,0.05499999999999999,0,True,Transformer Overloading,0.0,102.57219083004041,5,52
0.078125,0.044,0,False,,,,6,52
1.0,0.6270000000000003,0,True,Line Overloading,36.0,160.90007018020867,0,53
0.5,0.3080000000000001,0,True,Line Overloading,36.0,111.09888811142304,1,53
0.25,0.154,0,True,Transformer Overloading,0.0,129.91334002562743,2,53
0.125,0.07699999999999999,0,True,Transformer Overloading,0.0,109.02574550130288,3,53
0.0625,0.044,0,False,,,,4,53
0.09375,0.05499999999999999,0,True,Transformer Overloading,0.0,102.95974674736885,5,53
0.078125,0.044,0,False,,,,6,53
1.0,0.6270000000000003,0,True,Line Overloading,36.0,160.89999185740348,0,54
0.5,0.3080000000000001,0,True,Line Overloading,36.0,118.52069727827592,1,54
0.25,0.154,0,True,Transformer Overloading,0.0,129.77845771212392,2,54
0.125,0.07699999999999999,0,True,Transformer Overloading,0.0,108.80963003375868,3,54
0.0625,0.044,0,False,,,,4,54
0.09375,0.05499999999999999,0,True,Transformer Overloading,0.0,102.98519003390965,5,54
0.078125,0.044,0,False,,,,6,54
1.0,0.6270000000000003,0,True,Line Overloading,36.0,160.90007242462346,0,55
0.5,0.3080000000000001,0,True,Line Overloading,36.0,124.51173421632795,1,55
0.25,0.154,0,True,Transformer Overloading,0.0,129.23595215572527,2,55
0.125,0.07699999999999999,0,True,Transformer Overloading,0.0,108.54341113517386,3,55
0.0625,0.044,0,False,,,,4,55
0.09375,0.05499999999999999,0,True,Transformer Overloading,0.0,102.70940101236855,5,55
0.078125,0.044,0,False,,,,6,55
1.0,0.6270000000000003,0,True,Line Overloading,36.0,160.90003444667082,0,56
0.5,0.3080000000000001,0,True,Transformer Overloading,0.0,171.23949535257717,1,56
0.25,0.154,0,True,Transformer Overloading,0.0,129.1773016897651,2,56
0.125,0.07699999999999999,0,True,Transformer Overloading,0.0,108.48723716032949,3,56
0.0625,0.044,0,False,,,,4,56
0.09375,0.05499999999999999,0,True,Transformer Overloading,0.0,102.66835935493475,5,56
0.078125,0.044,0,False,,,,6,56
1.0,0.6270000000000003,0,True,Line Overloading,36.0,160.89998969128402,0,57
0.5,0.3080000000000001,0,True,Line Overloading,36.0,116.47527798963624,1,57
0.25,0.154,0,True,Transformer Overloading,0.0,129.3396581486084,2,57
0.125,0.07699999999999999,0,True,Transformer Overloading,0.0,108.48144527957942,3,57
0.0625,0.044,0,False,,,,4,57
0.09375,0.05499999999999999,0,True,Transformer Overloading,0.0,102.64443719843783,5,57
0.078125,0.044,0,False,,,,6,57
1.0,0.6270000000000003,0,True,Line Overloading,36.0,160.89986742714373,0,58
0.5,0.3080000000000001,0,True,Transformer Overloading,0.0,171.27639587084755,1,58
0.25,0.154,0,True,Transformer Overloading,0.0,129.20217319321367,2,58
0.125,0.07699999999999999,0,True,Transformer Overloading,0.0,108.52197463517885,3,58
0.0625,0.044,0,False,,,,4,58
0.09375,0.05499999999999999,0,True,Transformer Overloading,0.0,102.65380550140759,5,58
0.078125,0.044,0,False,,,,6,58
1.0,0.6270000000000003,0,True,Line Overloading,36.0,160.90005282437673,0,59
0.5,0.3080000000000001,0,True,Line Overloading,36.0,109.90773127629079,1,59
0.25,0.154,0,True,Transformer Overloading,0.0,129.4752412456819,2,59
0.125,0.07699999999999999,0,True,Transformer Overloading,0.0,108.84560150239989,3,59
0.0625,0.044,0,True,Transformer Overloading,0.0,100.01039085847361,4,59
0.03125,0.022,0,False,,,,5,59
0.046875,0.033,0,False,,,,6,59
1.0,0.6270000000000003,0,True,Line Overloading,36.0,160.8999979477646,0,60
0.5,0.3080000000000001,0,True,Line Overloading,36.0,110.58249547165293,1,60
0.25,0.154,0,True,Transformer Overloading,0.0,129.13775046999038,2,60
0.125,0.07699999999999999,0,True,Transformer Overloading,0.0,108.49860151906671,3,60
0.0625,0.044,0,False,,,,4,60
0.09375,0.05499999999999999,0,True,Transformer Overloading,0.0,102.60162312258258,5,60
0.078125,0.044,0,False,,,,6,60
1.0,0.6270000000000003,0,True,Line Overloading,36.0,160.90001716339418,0,61
0.5,0.3080000000000001,0,True,Line Overloading,36.0,118.44190154870036,1,61
0.25,0.154,0,True,Transformer Overloading,0.0,129.68752136219152,2,61
0.125,0.07699999999999999,0,True,Transformer Overloading,0.0,108.66466703959385,3,61
0.0625,0.044,0,False,,,,4,61
0.09375,0.05499999999999999,0,True,Transformer Overloading,0.0,102.61753194761327,5,61
0.078125,0.044,0,False,,,,6,61
1.0,0.6270000000000003,0,True,Line Overloading,36.0,160.89995731444765,0,62
0.5,0.3080000000000001,0,True,Line Overloading,36.0,110.82235526100557,1,62
0.25,0.154,0,True,Transformer Overloading,0.0,129.06500909357524,2,62
0.125,0.07699999999999999,0,True,Transformer Overloading,0.0,108.47379218893761,3,62
0.0625,0.044,0,False,,,,4,62
0.09375,0.05499999999999999,0,True,Transformer Overloading,0.0,102.67176386832627,5,62
0.078125,0.044,0,False,,,,6,62
1.0,0.6270000000000003,0,True,Line Overloading,36.0,160.89993865899373,0,63
0.5,0.3080000000000001,0,True,Line Overloading,36.0,110.58737622574537,1,63
0.25,0.154,0,True,Transformer Overloading,0.0,129.1658973336381,2,63
0.125,0.07699999999999999,0,True,Transformer Overloading,0.0,108.39492911326364,3,63
0.0625,0.044,0,False,,,,4,63
0.09375,0.05499999999999999,0,True,Transformer Overloading,0.0,102.51267996994203,5,63
0.078125,0.044,0,False,,,,6,63
1.0,0.6270000000000003,0,True,Line Overloading,36.0,160.8999990295598,0,64
0.5,0.3080000000000001,0,True,Line Overloading,36.0,110.71335679071058,1,64
0.25,0.154,0,True,Transformer Overloading,0.0,129.50327466604975,2,64
0.125,0.07699999999999999,0,True,Transformer Overloading,0.0,108.59462045929864,3,64
0.0625,0.044,0,False,,,,4,64
0.09375,0.05499999999999999,0,True,Transformer Overloading,0.0,102.57542610402275,5,64
0.078125,0.044,0,False,,,,6,64
1.0,0.6270000000000003,0,True,Line Overloading,36.0,160.9000044225605,0,65
0.5,0.3080000000000001,0,True,Transformer Overloading,0.0,172.72061229229945,1,65
0.25,0.154,0,True,Transformer Overloading,0.0,129.42340533199769,2,65
0.125,0.07699999999999999,0,True,Transformer Overloading,0.0,108.63600340477902,3,65
0.0625,0.044,0,False,,,,4,65
0.09375,0.05499999999999999,0,True,Transformer Overloading,0.0,102.77406372665342,5,65
0.078125,0.044,0,False,,,,6,65
1.0,0.6270000000000003,0,True,Line Overloading,36.0,160.89989766083698,0,66
0.5,0.3080000000000001,0,True,Line Overloading,36.0,103.50333131826011,1,66
0.25,0.154,0,True,Transformer Overloading,0.0,129.50238843443807,2,66
0.125,0.07699999999999999,0,True,Transformer Overloading,0.0,108.54338165735697,3,66
0.0625,0.044,0,False,,,,4,66
0.09375,0.05499999999999999,0,True,Transformer Overloading,0.0,102.58581392160295,5,66
0.078125,0.044,0,False,,,,6,66
1.0,0.6270000000000003,0,True,Line Overloading,36.0,160.89991715140806,0,67
0.5,0.3080000000000001,0,True,Line Overloading,36.0,103.89458031435521,1,67
0.25,0.154,0,True,Transformer Overloading,0.0,129.96138664916685,2,67
0.125,0.07699999999999999,0,True,Transformer Overloading,0.0,108.61438647835244,3,67
0.0625,0.044,0,False,,,,4,67
0.09375,0.05499999999999999,0,True,Transformer Overloading,0.0,102.7576916370328,5,67
0.078125,0.044,0,False,,,,6,67
1.0,0.6270000000000003,0,True,Line Overloading,36.0,160.89996485746178,0,68
0.5,0.3080000000000001,0,True,Line Overloading,36.0,117.75946401061029,1,68
0.25,0.154,0,True,Transformer Overloading,0.0,130.21511517470398,2,68
0.125,0.07699999999999999,0,True,Transformer Overloading,0.0,108.90035870233964,3,68
0.0625,0.044,0,True,Transformer Overloading,0.0,100.02007537919503,4,68
0.03125,0.022,0,False,,,,5,68
0.046875,0.033,0,False,,,,6,68
1.0,0.6270000000000003,0,True,Line Overloading,36.0,160.89993390021166,0,69
0.5,0.3080000000000001,0,True,Transformer Overloading,0.0,171.78608478493734,1,69
0.25,0.154,0,True,Transformer Overloading,0.0,129.35397614823557,2,69
0.125,0.07699999999999999,0,True,Transformer Overloading,0.0,108.65995060713102,3,69
0.0625,0.044,0,False,,,,4,69
0.09375,0.05499999999999999,0,True,Transformer Overloading,0.0,102.75400125167577,5,69
0.078125,0.044,0,False,,,,6,69
1.0,0.6270000000000003,0,True,Line Overloading,36.0,160.89995605191908,0,70
0.5,0.3080000000000001,0,True,Transformer Overloading,0.0,172.2069427323452,1,70
0.25,0.154,0,True,Transformer Overloading,0.0,130.02683394763716,2,70
0.125,0.07699999999999999,0,True,Transformer Overloading,0.0,108.69699244878043,3,70
0.0625,0.044,0,False,,,,4,70
0.09375,0.05499999999999999,0,True,Transformer Overloading,0.0,102.69809403030533,5,70
0.078125,0.044,0,False,,,,6,70
1.0,0.6270000000000003,0,True,Line Overloading,36.0,160.8999700342773,0,71
0.5,0.3080000000000001,0,True,Line Overloading,36.0,103.36966624154923,1,71
0.25,0.154,0,True,Transformer Overloading,0.0,129.53327151089192,2,71
0.125,0.07699999999999999,0,True,Transformer Overloading,0.0,108.55290221536616,3,71
0.0625,0.044,0,False,,,,4,71
0.09375,0.05499999999999999,0,True,Transformer Overloading,0.0,102.78827990712307,5,71
0.078125,0.044,0,False,,,,6,71
1.0,0.6270000000000003,0,True,Line Overloading,36.0,160.90003593993444,0,72
0.5,0.3080000000000001,0,True,Transformer Overloading,0.0,171.9286875063799,1,72
0.25,0.154,0,True,Transformer Overloading,0.0,129.21895719457007,2,72
0.125,0.07699999999999999,0,True,Transformer Overloading,0.0,108.5239524521242,3,72
0.0625,0.044,0,False,,,,4,72
0.09375,0.05499999999999999,0,True,Transformer Overloading,0.0,102.5936217840459,5,72
0.078125,0.044,0,False,,,,6,72
1.0,0.6270000000000003,0,True,Line Overloading,36.0,160.90009430026,0,73
0.5,0.3080000000000001,0,True,Transformer Overloading,0.0,172.14012984236092,1,73
0.25,0.154,0,True,Transformer Overloading,0.0,129.75266502555795,2,73
0.125,0.07699999999999999,0,True,Transformer Overloading,0.0,108.76928053621553,3,73
0.0625,0.044,0,False,,,,4,73
0.09375,0.05499999999999999,0,True,Transformer Overloading,0.0,102.70840361259394,5,73
0.078125,0.044,0,False,,,,6,73
1.0,0.6270000000000003,0,True,Line Overloading,36.0,160.89991968535412,0,74
0.5,0.3080000000000001,0,True,Transformer Overloading,0.0,172.3189857501211,1,74
0.25,0.154,0,True,Transformer Overloading,0.0,129.710462683492,2,74
0.125,0.07699999999999999,0,True,Transformer Overloading,0.0,108.92916348991959,3,74
0.0625,0.044,0,False,,,,4,74
0.09375,0.05499999999999999,0,True,Transformer Overloading,0.0,102.73268865592458,5,74
0.078125,0.044,0,False,,,,6,74
1.0,0.6270000000000003,0,True,Line Overloading,36.0,160.8999319343225,0,75
0.5,0.3080000000000001,0,True,Line Overloading,36.0,104.4773814742924,1,75
0.25,0.154,0,True,Transformer Overloading,0.0,129.55070985186362,2,75
0.125,0.07699999999999999,0,True,Transformer Overloading,0.0,108.61903689397087,3,75
0.0625,0.044,0,False,,,,4,75
0.09375,0.05499999999999999,0,True,Transformer Overloading,0.0,102.74593260648928,5,75
0.078125,0.044,0,False,,,,6,75
1.0,0.6270000000000003,0,True,Line Overloading,36.0,160.90003163402523,0,76
0.5,0.3080000000000001,0,True,Line Overloading,36.0,110.8455490180417,1,76
0.25,0.154,0,True,Transformer Overloading,0.0,129.5203396816607,2,76
0.125,0.07699999999999999,0,True,Transformer Overloading,0.0,108.45579975413602,3,76
0.0625,0.044,0,False,,,,4,76
0.09375,0.05499999999999999,0,True,Transformer Overloading,0.0,102.50173320389733,5,76
0.078125,0.044,0,False,,,,6,76
1.0,0.6270000000000003,0,True,Line Overloading,36.0,160.90005579142712,0,77
0.5,0.3080000000000001,0,True,Line Overloading,36.0,110.59828022210611,1,77
0.25,0.154,0,True,Transformer Overloading,0.0,129.417364303049,2,77
0.125,0.07699999999999999,0,True,Transformer Overloading,0.0,108.95359718412705,3,77
0.0625,0.044,0,False,,,,4,77
0.09375,0.05499999999999999,0,True,Transformer Overloading,0.0,102.88268605547397,5,77
0.078125,0.044,0,False,,,,6,77
1.0,0.6270000000000003,0,True,Line Overloading,36.0,160.8999790347631,0,78
0.5,0.3080000000000001,0,True,Line Overloading,36.0,110.37414632317667,1,78
0.25,0.154,0,True,Transformer Overloading,0.0,129.6792933589421,2,78
0.125,0.07699999999999999,0,True,Transformer Overloading,0.0,108.96032443287045,3,78
0.0625,0.044,0,True,Transformer Overloading,0.0,100.04456890687518,4,78
0.03125,0.022,0,False,,,,5,78
0.046875,0.033,0,False,,,,6,78
1.0,0.6270000000000003,0,True,Line Overloading,36.0,160.899960839506,0,79
0.5,0.3080000000000001,0,True,Line Overloading,36.0,110.6827750517275,1,79
0.25,0.154,0,True,Transformer Overloading,0.0,129.18048880369105,2,79
0.125,0.07699999999999999,0,True,Transformer Overloading,0.0,108.3146908537427,3,79
0.0625,0.044,0,False,,,,4,79
0.09375,0.05499999999999999,0,True,Transformer Overloading,0.0,102.58570168128966,5,79
0.078125,0.044,0,False,,,,6,79
1.0,0.6270000000000003,0,True,Line Overloading,36.0,160.9000210269358,0,80
0.5,0.3080000000000001,0,True,Line Overloading,36.0,110.41463838064183,1,80
0.25,0.154,0,True,Transformer Overloading,0.0,129.18168225842984,2,80
0.125,0.07699999999999999,0,True,Transformer Overloading,0.0,108.19741087138428,3,80
0.0625,0.044,0,False,,,,4,80
0.09375,0.05499999999999999,0,True,Transformer Overloading,0.0,102.43460147487922,5,80
0.078125,0.044,0,False,,,,6,80
1.0,0.6270000000000003,0,True,Line Overloading,36.0,160.89992879535416,0,81
0.5,0.3080000000000001,0,True,Transformer Overloading,0.0,171.7070380144891,1,81
0.25,0.154,0,True,Transformer Overloading,0.0,129.04271006416036,2,81
0.125,0.07699999999999999,0,True,Transformer Overloading,0.0,108.31775423727146,3,81
0.0625,0.044,0,False,,,,4,81
0.09375,0.05499999999999999,0,True,Transformer Overloading,0.0,102.54695795225672,5,81
0.078125,0.044,0,False,,,,6,81
1.0,0.6270000000000003,0,True,Line Overloading,36.0,160.89999738524878,0,82
0.5,0.3080000000000001,0,True,Transformer Overloading,0.0,172.02032650689605,1,82
0.25,0.154,0,True,Transformer Overloading,0.0,129.34269745725092,2,82
0.125,0.07699999999999999,0,True,Transformer Overloading,0.0,108.64086406515676,3,82
0.0625,0.044,0,False,,,,4,82
0.09375,0.05499999999999999,0,True,Transformer Overloading,0.0,102.68929060051923,5,82
0.078125,0.044,0,False,,,,6,82
1.0,0.6270000000000003,0,True,Line Overloading,36.0,160.89996811165904,0,83
0.5,0.3080000000000001,0,True,Line Overloading,36.0,104.22332803752752,1,83
0.25,0.154,0,True,Transformer Overloading,0.0,129.42141544117925,2,83
0.125,0.07699999999999999,0,True,Transformer Overloading,0.0,108.52036199334718,3,83
0.0625,0.044,0,False,,,,4,83
0.09375,0.05499999999999999,0,True,Transformer Overloading,0.0,102.68543851598449,5,83
0.078125,0.044,0,False,,,,6,83
1.0,0.6270000000000003,0,True,Line Overloading,36.0,160.8999491929172,0,84
0.5,0.3080000000000001,0,True,Transformer Overloading,0.0,171.5149623742952,1,84
0.25,0.154,0,True,Transformer Overloading,0.0,129.40656369619242,2,84
0.125,0.07699999999999999,0,True,Transformer Overloading,0.0,108.58638355096997,3,84
0.0625,0.044,0,False,,,,4,84
0.09375,0.05499999999999999,0,True,Transformer Overloading,0.0,102.66657308294684,5,84
0.078125,0.044,0,False,,,,6,84
1.0,0.6270000000000003,0,True,Line Overloading,36.0,160.89997419662797,0,85
0.5,0.3080000000000001,0,True,Line Overloading,36.0,111.38856856489545,1,85
0.25,0.154,0,True,Transformer Overloading,0.0,129.7798299099179,2,85
0.125,0.07699999999999999,0,True,Transformer Overloading,0.0,108.9196836916728,3,85
0.0625,0.044,0,False,,,,4,85
0.09375,0.05499999999999999,0,True,Transformer Overloading,0.0,102.84846773900836,5,85
0.078125,0.044,0,False,,,,6,85
1.0,0.6270000000000003,0,True,Line Overloading,36.0,160.90003776469192,0,86
0.5,0.3080000000000001,0,True,Line Overloading,36.0,105.17274094944018,1,86
0.25,0.154,0,True,Transformer Overloading,0.0,130.04260549312303,2,86
0.125,0.07699999999999999,0,True,Transformer Overloading,0.0,109.02249251294762,3,86
0.0625,0.044,0,False,,,,4,86
0.09375,0.05499999999999999,0,True,Transformer Overloading,0.0,102.78444324537357,5,86
0.078125,0.044,0,False,,,,6,86
1.0,0.6270000000000003,0,True,Line Overloading,36.0,160.8999846697816,0,87
0.5,0.3080000000000001,0,True,Line Overloading,36.0,130.91291699376697,1,87
0.25,0.154,0,True,Transformer Overloading,0.0,129.98327053171872,2,87
0.125,0.07699999999999999,0,True,Transformer Overloading,0.0,108.53685299702013,3,87
0.0625,0.044,0,False,,,,4,87
0.09375,0.05499999999999999,0,True,Transformer Overloading,0.0,102.68847458795827,5,87
0.078125,0.044,0,False,,,,6,87
1.0,0.6270000000000003,0,True,Line Overloading,36.0,160.8998903997959,0,88
0.5,0.3080000000000001,0,True,Line Overloading,36.0,130.3512480303997,1,88
0.25,0.154,0,True,Transformer Overloading,0.0,129.34078541705324,2,88
0.125,0.07699999999999999,0,True,Transformer Overloading,0.0,108.80595908476221,3,88
0.0625,0.044,0,False,,,,4,88
0.09375,0.05499999999999999,0,True,Transformer Overloading,0.0,102.74241432692699,5,88
0.078125,0.044,0,False,,,,6,88
1.0,0.6270000000000003,0,True,Line Overloading,36.0,160.8999863074642,0,89
0.5,0.3080000000000001,0,True,Line Overloading,36.0,110.1429255145301,1,89
0.25,0.154,0,True,Transformer Overloading,0.0,129.20308978539487,2,89
0.125,0.07699999999999999,0,True,Transformer Overloading,0.0,108.29059198912401,3,89
0.0625,0.044,0,False,,,,4,89
0.09375,0.05499999999999999,0,True,Transformer Overloading,0.0,102.49108076587929,5,89
0.078125,0.044,0,False,,,,6,89
1.0,0.6270000000000003,0,True,Line Overloading,36.0,160.89997287952025,0,90
0.5,0.3080000000000001,0,True,Line Overloading,36.0,103.53036096104462,1,90
0.25,0.154,0,True,Transformer Overloading,0.0,129.36340303943754,2,90
0.125,0.07699999999999999,0,True,Transformer Overloading,0.0,108.70900711638447,3,90
0.0625,0.044,0,False,,,,4,90
0.09375,0.05499999999999999,0,True,Transformer Overloading,0.0,102.85202099987305,5,90
0.078125,0.044,0,False,,,,6,90
1.0,0.6270000000000003,0,True,Line Overloading,36.0,160.89998892370718,0,91
0.5,0.3080000000000001,0,True,Line Overloading,36.0,104.06037276328635,1,91
0.25,0.154,0,True,Transformer Overloading,0.0,129.422473679483,2,91
0.125,0.07699999999999999,0,True,Transformer Overloading,0.0,108.55715324800286,3,91
0.0625,0.044,0,False,,,,4,91
0.09375,0.05499999999999999,0,True,Transformer Overloading,0.0,102.61768527194116,5,91
0.078125,0.044,0,False,,,,6,91
1.0,0.6270000000000003,0,True,Line Overloading,36.0,160.89998408520307,0,92
0.5,0.3080000000000001,0,True,Line Overloading,36.0,123.82505358987137,1,92
0.25,0.154,0,True,Transformer Overloading,0.0,129.45547446217859,2,92
0.125,0.07699999999999999,0,True,Transformer Overloading,0.0,108.63466055927367,3,92
0.0625,0.044,0,False,,,,4,92
0.09375,0.05499999999999999,0,True,Transformer Overloading,0.0,102.65438766312994,5,92
0.078125,0.044,0,False,,,,6,92
1.0,0.6270000000000003,0,True,Line Overloading,36.0,160.89995676293572,0,93
0.5,0.3080000000000001,0,True,Line Overloading,36.0,103.43081599786687,1,93
0.25,0.154,0,True,Transformer Overloading,0.0,129.3602418189082,2,93
0.125,0.07699999999999999,0,True,Transformer Overloading,0.0,108.50020735824482,3,93
0.0625,0.044,0,False,,,,4,93
0.09375,0.05499999999999999,0,True,Transformer Overloading,0.0,102.64863217644822,5,93
0.078125,0.044,0,False,,,,6,93
1.0,0.6270000000000003,0,True,Line Overloading,36.0,160.8999719095653,0,94
0.5,0.3080000000000001,0,True,Transformer Overloading,0.0,171.37002244560998,1,94
0.25,0.154,0,True,Transformer Overloading,0.0,129.00373820520477,2,94
0.125,0.07699999999999999,0,True,Transformer Overloading,0.0,108.5214127667121,3,94
0.0625,0.044,0,False,,,,4,94
0.09375,0.05499999999999999,0,True,Transformer Overloading,0.0,102.72961727041879,5,94
0.078125,0.044,0,False,,,,6,94
1.0,0.6270000000000003,0,True,Line Overloading,36.0,160.89987914131822,0,95
0.5,0.3080000000000001,0,True,Line Overloading,36.0,117.4550879625037,1,95
0.25,0.154,0,True,Transformer Overloading,0.0,130.06951226932662,2,95
0.125,0.07699999999999999,0,True,Transformer Overloading,0.0,109.20075597070394,3,95
0.0625,0.044,0,False,,,,4,95
0.09375,0.05499999999999999,0,True,Transformer Overloading,0.0,102.85170288768172,5,95
0.078125,0.044,0,False,,,,6,95
1.0,0.6270000000000003,0,True,Line Overloading,36.0,160.90006120460606,0,96
0.5,0.3080000000000001,0,True,Line Overloading,36.0,104.45274789281098,1,96
0.25,0.154,0,True,Transformer Overloading,0.0,129.66780273465284,2,96
0.125,0.07699999999999999,0,True,Transformer Overloading,0.0,108.63464391757715,3,96
0.0625,0.044,0,False,,,,4,96
0.09375,0.05499999999999999,0,True,Transformer Overloading,0.0,102.7841837003779,5,96
0.078125,0.044,0,False,,,,6,96
1.0,0.6270000000000003,0,True,Line Overloading,36.0,160.89997932651693,0,97
0.5,0.3080000000000001,0,True,Line Overloading,36.0,112.15972978865942,1,97
0.25,0.154,0,True,Transformer Overloading,0.0,130.2333234677645,2,97
0.125,0.07699999999999999,0,True,Transformer Overloading,0.0,109.32968131179538,3,97
0.0625,0.044,0,True,Transformer Overloading,0.0,100.31002748762852,4,97
0.03125,0.022,0,False,,,,5,97
0.046875,0.033,0,False,,,,6,97
1.0,0.6270000000000003,0,True,Line Overloading,36.0,160.8999687646503,0,98
0.5,0.3080000000000001,0,True,Line Overloading,36.0,103.98588111235244,1,98
0.25,0.154,0,True,Transformer Overloading,0.0,129.2876407075005,2,98
0.125,0.07699999999999999,0,True,Transformer Overloading,0.0,108.62722385818017,3,98
0.0625,0.044,0,False,,,,4,98
0.09375,0.05499999999999999,0,True,Transformer Overloading,0.0,102.72042266862206,5,98
0.078125,0.044,0,False,,,,6,98
1.0,0.6270000000000003,0,True,Line Overloading,36.0,160.89998571702188,0,99
0.5,0.3080000000000001,0,True,Line Overloading,36.0,104.09122620582052,1,99
0.25,0.154,0,True,Transformer Overloading,0.0,129.32626806969049,2,99
0.125,0.07699999999999999,0,True,Transformer Overloading,0.0,108.44417190732732,3,99
0.0625,0.044,0,False,,,,4,99
0.09375,0.05499999999999999,0,True,Transformer Overloading,0.0,102.69372791933367,5,99
0.078125,0.044,0,False,,,,6,99
